{"cameraMode":{"drawMode":0,"name":"Shaded","section":"Shading Mode"},"sceneLighting":false,"audioPlay":false,"sceneViewState":{"m_AlwaysRefresh":false,"showFog":true,"showSkybox":false,"showFlares":true,"showImageEffects":true,"showParticleSystems":true,"showVisualEffectGraphs":true,"m_FxEnabled":false},"in2DMode":false,"pivot":{"x":-16.371213912963868,"y":0.3774075508117676,"z":4.742822647094727},"rotation":{"x":-0.18277516961097718,"y":-0.36238351464271548,"z":0.07274742424488068,"w":-0.9110944271087647},"size":2.3848633766174318,"orthographic":false}