{"cameraMode":{"drawMode":0,"name":"Shaded","section":"Shading Mode"},"sceneLighting":false,"audioPlay":false,"sceneViewState":{"m_AlwaysRefresh":false,"showFog":false,"showSkybox":false,"showFlares":false,"showImageEffects":false,"showParticleSystems":false,"showVisualEffectGraphs":true,"m_FxEnabled":true},"in2DMode":false,"pivot":{"x":-26.202293395996095,"y":12.380646705627442,"z":0.9816246032714844},"rotation":{"x":0.009112234227359295,"y":-0.9906618595123291,"z":0.09307282418012619,"w":0.10452690720558167},"size":6.745976448059082,"orthographic":false}