{"cameraMode":{"drawMode":0,"name":"Shaded","section":"Shading Mode"},"sceneLighting":false,"audioPlay":false,"sceneViewState":{"m_AlwaysRefresh":false,"showFog":true,"showSkybox":false,"showFlares":true,"showImageEffects":true,"showParticleSystems":true,"showVisualEffectGraphs":true,"m_FxEnabled":true},"in2DMode":false,"pivot":{"x":0.000033795833587646484,"y":0.04234011098742485,"z":1.1175870895385743e-8},"rotation":{"x":-0.1625056266784668,"y":-0.5578508973121643,"z":0.10950500518083573,"w":-0.8072322607040405},"size":0.07093550264835358,"orthographic":false}