{"cameraMode":{"drawMode":0,"name":"Shaded","section":"Shading Mode"},"sceneLighting":true,"audioPlay":false,"sceneViewState":{"m_AlwaysRefresh":false,"showFog":true,"showSkybox":false,"showFlares":true,"showImageEffects":true,"showParticleSystems":true,"showVisualEffectGraphs":true,"m_FxEnabled":false},"in2DMode":false,"pivot":{"x":-122.62864685058594,"y":-3.4413962364196779,"z":92.67754364013672},"rotation":{"x":0.023086698725819589,"y":-0.9517815709114075,"z":0.2336505800485611,"w":0.19827032089233399},"size":6.262618541717529,"orthographic":false}