{"cameraMode":{"drawMode":0,"name":"Shaded","section":"Shading Mode"},"sceneLighting":false,"audioPlay":false,"sceneViewState":{"m_AlwaysRefresh":false,"showFog":true,"showSkybox":true,"showFlares":true,"showImageEffects":true,"showParticleSystems":true,"showVisualEffectGraphs":true,"m_FxEnabled":true},"in2DMode":false,"pivot":{"x":-142.60601806640626,"y":17.497657775878908,"z":129.95993041992188},"rotation":{"x":0.017403975129127504,"y":0.9202774167060852,"z":-0.04151022061705589,"w":0.3893063962459564},"size":3.846465587615967,"orthographic":false}