{"cameraMode":{"drawMode":0,"name":"Shaded","section":"Shading Mode"},"sceneLighting":false,"audioPlay":false,"sceneViewState":{"m_AlwaysRefresh":false,"showFog":true,"showSkybox":true,"showFlares":true,"showImageEffects":true,"showParticleSystems":true,"showVisualEffectGraphs":true,"m_FxEnabled":true},"in2DMode":false,"pivot":{"x":-161.6264190673828,"y":17.000022888183595,"z":74.18984985351563},"rotation":{"x":-0.005983943119645119,"y":0.06956229358911514,"z":0.00024381141702178866,"w":0.9978304505348206},"size":34.14707565307617,"orthographic":false}