{"cameraMode":{"drawMode":0,"name":"Shaded","section":"Shading Mode"},"sceneLighting":false,"audioPlay":false,"sceneViewState":{"m_AlwaysRefresh":false,"showFog":true,"showSkybox":true,"showFlares":true,"showImageEffects":true,"showParticleSystems":true,"showVisualEffectGraphs":true,"m_FxEnabled":true},"in2DMode":false,"pivot":{"x":-137.5255889892578,"y":-4.6313605308532719,"z":83.88311767578125},"rotation":{"x":0.0014366696123033763,"y":-0.9987114071846008,"z":0.023978015407919885,"w":0.05068197846412659},"size":2.5049805641174318,"orthographic":false}