{"cameraMode":{"drawMode":0,"name":"Shaded","section":"Shading Mode"},"sceneLighting":false,"audioPlay":false,"sceneViewState":{"m_AlwaysRefresh":false,"showFog":true,"showSkybox":true,"showFlares":true,"showImageEffects":true,"showParticleSystems":true,"showVisualEffectGraphs":true,"m_FxEnabled":true},"in2DMode":false,"pivot":{"x":331.61090087890627,"y":51.78331756591797,"z":75.1158447265625},"rotation":{"x":-0.025459541007876397,"y":-0.9209659099578857,"z":0.061517681926488879,"w":-0.3844307065010071},"size":226.74835205078126,"orthographic":false}