{"cameraMode":{"drawMode":0,"name":"Shaded","section":"Shading Mode"},"sceneLighting":false,"audioPlay":false,"sceneViewState":{"m_AlwaysRefresh":false,"showFog":true,"showSkybox":true,"showFlares":true,"showImageEffects":true,"showParticleSystems":true,"showVisualEffectGraphs":true,"m_FxEnabled":true},"in2DMode":false,"pivot":{"x":-155.2725372314453,"y":23.976791381835939,"z":83.02360534667969},"rotation":{"x":-0.001872143242508173,"y":0.9619036316871643,"z":-0.005722785368561745,"w":-0.2743123173713684},"size":7.189578056335449,"orthographic":false}