{"cameraMode":{"drawMode":0,"name":"Shaded","section":"Shading Mode"},"sceneLighting":true,"audioPlay":false,"sceneViewState":{"m_AlwaysRefresh":false,"showFog":true,"showSkybox":false,"showFlares":true,"showImageEffects":true,"showParticleSystems":true,"showVisualEffectGraphs":true,"m_FxEnabled":false},"in2DMode":false,"pivot":{"x":-68.98936462402344,"y":12.015223503112793,"z":91.16057586669922},"rotation":{"x":-0.0055937860161066059,"y":-0.9951339364051819,"z":-0.059125978499650958,"w":0.08345010131597519},"size":13.727203369140625,"orthographic":false}