{"cameraMode":{"drawMode":0,"name":"Shaded","section":"Shading Mode"},"sceneLighting":false,"audioPlay":false,"sceneViewState":{"m_AlwaysRefresh":false,"showFog":true,"showSkybox":true,"showFlares":true,"showImageEffects":true,"showParticleSystems":true,"showVisualEffectGraphs":true,"m_FxEnabled":true},"in2DMode":false,"pivot":{"x":-156.76370239257813,"y":12.391456604003907,"z":78.61727142333985},"rotation":{"x":-0.21592646837234498,"y":-0.7840625047683716,"z":0.41751083731651308,"w":-0.40546661615371706},"size":10.783069610595704,"orthographic":false}