{"cameraMode":{"drawMode":0,"name":"Shaded","section":"Shading Mode"},"sceneLighting":true,"audioPlay":false,"sceneViewState":{"m_AlwaysRefresh":false,"showFog":true,"showSkybox":true,"showFlares":true,"showImageEffects":true,"showParticleSystems":true,"showVisualEffectGraphs":true,"m_FxEnabled":true},"in2DMode":false,"pivot":{"x":-69.82727813720703,"y":-19.057456970214845,"z":136.61190795898438},"rotation":{"x":0.31186631321907046,"y":0.06832189857959748,"z":-0.02251237817108631,"w":0.9474353790283203},"size":24.588727951049806,"orthographic":false}