{"cameraMode":{"drawMode":0,"name":"Shaded","section":"Shading Mode"},"sceneLighting":false,"audioPlay":false,"sceneViewState":{"m_AlwaysRefresh":false,"showFog":true,"showSkybox":true,"showFlares":true,"showImageEffects":true,"showParticleSystems":true,"showVisualEffectGraphs":true,"m_FxEnabled":true},"in2DMode":false,"pivot":{"x":-219.10345458984376,"y":-17.071340560913087,"z":184.45071411132813},"rotation":{"x":0.15619181096553803,"y":-0.5163803100585938,"z":0.09634651988744736,"w":0.8367732167243958},"size":63.707515716552737,"orthographic":false}