{"cameraMode":{"drawMode":0,"name":"Shaded","section":"Shading Mode"},"sceneLighting":false,"audioPlay":false,"sceneViewState":{"m_AlwaysRefresh":false,"showFog":true,"showSkybox":true,"showFlares":true,"showImageEffects":true,"showParticleSystems":true,"showVisualEffectGraphs":true,"m_FxEnabled":true},"in2DMode":false,"pivot":{"x":-7.352149963378906,"y":15.027626991271973,"z":-16.48615074157715},"rotation":{"x":0.00664928974583745,"y":-0.9910622239112854,"z":0.12463520467281342,"w":0.051136914640665057},"size":21.255414962768556,"orthographic":false}