{"cameraMode":{"drawMode":0,"name":"Shaded","section":"Shading Mode"},"sceneLighting":false,"audioPlay":false,"sceneViewState":{"m_AlwaysRefresh":false,"showFog":true,"showSkybox":true,"showFlares":true,"showImageEffects":true,"showParticleSystems":true,"showVisualEffectGraphs":true,"m_FxEnabled":true},"in2DMode":false,"pivot":{"x":-8.355628967285157,"y":44.11640548706055,"z":-39.97039794921875},"rotation":{"x":0.012365126982331276,"y":0.9876202940940857,"z":-0.11040361225605011,"w":0.11159023642539978},"size":105.47787475585938,"orthographic":false}