{"cameraMode":{"drawMode":0,"name":"Shaded","section":"Shading Mode"},"sceneLighting":false,"audioPlay":false,"sceneViewState":{"m_AlwaysRefresh":false,"showFog":true,"showSkybox":true,"showFlares":true,"showImageEffects":true,"showParticleSystems":true,"showVisualEffectGraphs":true,"m_FxEnabled":true},"in2DMode":false,"pivot":{"x":-18.99225616455078,"y":7.634946823120117,"z":-49.09756851196289},"rotation":{"x":0.004277986474335194,"y":-0.9928538799285889,"z":0.11579716950654984,"w":0.03481818363070488},"size":46.489803314208987,"orthographic":false}