{"cameraMode":{"drawMode":0,"name":"Shaded","section":"Shading Mode"},"sceneLighting":false,"audioPlay":false,"sceneViewState":{"m_AlwaysRefresh":false,"showFog":true,"showSkybox":true,"showFlares":true,"showImageEffects":true,"showParticleSystems":true,"showVisualEffectGraphs":true,"m_FxEnabled":true},"in2DMode":false,"pivot":{"x":-124.2488784790039,"y":-111.14279174804688,"z":-505.87310791015627},"rotation":{"x":0.002591107040643692,"y":0.9936198592185974,"z":-0.11227727681398392,"w":0.025065232068300248},"size":316.3353576660156,"orthographic":false}