{"cameraMode":{"drawMode":0,"name":"Shaded","section":"Shading Mode"},"sceneLighting":true,"audioPlay":false,"sceneViewState":{"m_AlwaysRefresh":false,"showFog":true,"showSkybox":true,"showFlares":true,"showImageEffects":true,"showParticleSystems":true,"showVisualEffectGraphs":true,"m_FxEnabled":true},"in2DMode":false,"pivot":{"x":-100.76384735107422,"y":-17.603315353393556,"z":142.02748107910157},"rotation":{"x":0.22841694951057435,"y":-0.22036941349506379,"z":0.05910832807421684,"w":0.9464661478996277},"size":17.227886199951173,"orthographic":false}