{"cameraMode":{"drawMode":0,"name":"Shaded","section":"Shading Mode"},"sceneLighting":false,"audioPlay":false,"sceneViewState":{"m_AlwaysRefresh":false,"showFog":true,"showSkybox":true,"showFlares":true,"showImageEffects":true,"showParticleSystems":true,"showVisualEffectGraphs":true,"m_FxEnabled":true},"in2DMode":false,"pivot":{"x":10.650177001953125,"y":6.763666152954102,"z":132.7918701171875},"rotation":{"x":0.07830978184938431,"y":0.4376479387283325,"z":-0.03838580474257469,"w":0.8950294852256775},"size":44.910057067871097,"orthographic":false}