{"cameraMode":{"drawMode":0,"name":"Shaded","section":"Shading Mode"},"sceneLighting":false,"audioPlay":false,"sceneViewState":{"m_AlwaysRefresh":false,"showFog":true,"showSkybox":true,"showFlares":true,"showImageEffects":true,"showParticleSystems":true,"showVisualEffectGraphs":true,"m_FxEnabled":true},"in2DMode":false,"pivot":{"x":1513.721435546875,"y":547.041259765625,"z":131.2567138671875},"rotation":{"x":0.09603268653154373,"y":-0.054935067892074588,"z":0.005203367676585913,"w":0.9939431548118591},"size":1010.8816528320313,"orthographic":false}