{"cameraMode":{"drawMode":0,"name":"Shaded","section":"Shading Mode"},"sceneLighting":true,"audioPlay":false,"sceneViewState":{"m_AlwaysRefresh":false,"showFog":true,"showSkybox":false,"showFlares":true,"showImageEffects":true,"showParticleSystems":true,"showVisualEffectGraphs":true,"m_FxEnabled":false},"in2DMode":false,"pivot":{"x":-227.39999389648438,"y":-8.289999008178711,"z":139.89999389648438},"rotation":{"x":0.08840639889240265,"y":0.44754600524902346,"z":-0.016801299527287484,"w":0.8899244666099548},"size":6.607810020446777,"orthographic":false}