{"cameraMode":{"drawMode":0,"name":"Shaded","section":"Shading Mode"},"sceneLighting":true,"audioPlay":false,"sceneViewState":{"m_AlwaysRefresh":false,"showFog":true,"showSkybox":true,"showFlares":true,"showImageEffects":true,"showParticleSystems":true,"showVisualEffectGraphs":true,"m_FxEnabled":true},"in2DMode":false,"pivot":{"x":-121.55043029785156,"y":-0.3017997741699219,"z":133.37063598632813},"rotation":{"x":0.2900421619415283,"y":-0.05201142281293869,"z":0.016469281166791917,"w":0.9559974670410156},"size":39.91913604736328,"orthographic":false}