{"cameraMode":{"drawMode":0,"name":"Shaded","section":"Shading Mode"},"sceneLighting":true,"audioPlay":false,"sceneViewState":{"m_AlwaysRefresh":false,"showFog":true,"showSkybox":true,"showFlares":true,"showImageEffects":true,"showParticleSystems":true,"showVisualEffectGraphs":true,"m_FxEnabled":true},"in2DMode":false,"pivot":{"x":-79.92057037353516,"y":-12.261116981506348,"z":86.80071258544922},"rotation":{"x":0.1423349380493164,"y":0.005675903055816889,"z":-0.0010799745796248317,"w":0.9899856448173523},"size":22.623882293701173,"orthographic":false}