{"cameraMode":{"drawMode":0,"name":"Shaded","section":"Shading Mode"},"sceneLighting":true,"audioPlay":false,"sceneViewState":{"m_AlwaysRefresh":false,"showFog":true,"showSkybox":false,"showFlares":true,"showImageEffects":true,"showParticleSystems":true,"showVisualEffectGraphs":true,"m_FxEnabled":false},"in2DMode":false,"pivot":{"x":-43.900001525878909,"y":14.100000381469727,"z":121.94999694824219},"rotation":{"x":-0.2842887341976166,"y":-0.13682299852371217,"z":0.015093197114765644,"w":-0.948986828327179},"size":4.7309699058532719,"orthographic":false}