{"cameraMode":{"drawMode":0,"name":"Shaded","section":"Shading Mode"},"sceneLighting":true,"audioPlay":false,"sceneViewState":{"m_AlwaysRefresh":false,"showFog":true,"showSkybox":false,"showFlares":true,"showImageEffects":true,"showParticleSystems":true,"showVisualEffectGraphs":true,"m_FxEnabled":false},"in2DMode":false,"pivot":{"x":1.0477056503295899,"y":13.322347640991211,"z":186.034912109375},"rotation":{"x":0.009499642066657544,"y":0.09370063990354538,"z":0.024141060188412668,"w":0.9954901337623596},"size":50.96860122680664,"orthographic":false}