{"cameraMode":{"drawMode":0,"name":"Shaded","section":"Shading Mode"},"sceneLighting":false,"audioPlay":false,"sceneViewState":{"m_AlwaysRefresh":false,"showFog":true,"showSkybox":true,"showFlares":true,"showImageEffects":true,"showParticleSystems":true,"showVisualEffectGraphs":true,"m_FxEnabled":true},"in2DMode":false,"pivot":{"x":-158.6893310546875,"y":2.8215811252593996,"z":134.5179443359375},"rotation":{"x":-0.06407784670591355,"y":0.23783227801322938,"z":0.015617463737726212,"w":0.9693191051483154},"size":39.16276931762695,"orthographic":false}