{"cameraMode":{"drawMode":0,"name":"Shaded","section":"Shading Mode"},"sceneLighting":false,"audioPlay":false,"sceneViewState":{"m_AlwaysRefresh":false,"showFog":true,"showSkybox":true,"showFlares":true,"showImageEffects":true,"showParticleSystems":true,"showVisualEffectGraphs":true,"m_FxEnabled":true},"in2DMode":false,"pivot":{"x":-102.70848846435547,"y":12.172852516174317,"z":91.12576293945313},"rotation":{"x":0.19601275026798249,"y":-0.14740197360515595,"z":0.029640911146998407,"w":0.9692535400390625},"size":80.34738159179688,"orthographic":false}