{"cameraMode":{"drawMode":0,"name":"Shaded","section":"Shading Mode"},"sceneLighting":true,"audioPlay":false,"sceneViewState":{"m_AlwaysRefresh":false,"showFog":true,"showSkybox":false,"showFlares":true,"showImageEffects":true,"showParticleSystems":true,"showVisualEffectGraphs":true,"m_FxEnabled":true},"in2DMode":false,"pivot":{"x":-119.78003692626953,"y":-8.280728340148926,"z":80.49174499511719},"rotation":{"x":0.021215390413999559,"y":0.8239099383354187,"z":-0.03091128170490265,"w":0.5654856562614441},"size":0.8660253882408142,"orthographic":false}