{"cameraMode":{"drawMode":0,"name":"Shaded","section":"Shading Mode"},"sceneLighting":true,"audioPlay":false,"sceneViewState":{"m_AlwaysRefresh":false,"showFog":true,"showSkybox":true,"showFlares":true,"showImageEffects":true,"showParticleSystems":true,"showVisualEffectGraphs":true,"m_FxEnabled":true},"in2DMode":false,"pivot":{"x":-103.00212860107422,"y":23.846296310424806,"z":146.21298217773438},"rotation":{"x":0.18403436243534089,"y":0.04819415137171745,"z":-0.006962817162275314,"w":0.9823231101036072},"size":11.894436836242676,"orthographic":false}