{"cameraMode":{"drawMode":0,"name":"Shaded","section":"Shading Mode"},"sceneLighting":true,"audioPlay":false,"sceneViewState":{"m_AlwaysRefresh":false,"showFog":true,"showSkybox":true,"showFlares":true,"showImageEffects":true,"showParticleSystems":true,"showVisualEffectGraphs":true,"m_FxEnabled":true},"in2DMode":false,"pivot":{"x":-104.83439636230469,"y":24.100786209106447,"z":73.75160217285156},"rotation":{"x":0.06383674591779709,"y":-0.5731735825538635,"z":0.04579918459057808,"w":0.8163055777549744},"size":10.072746276855469,"orthographic":false}