{"cameraMode":{"drawMode":0,"name":"Shaded","section":"Shading Mode"},"sceneLighting":false,"audioPlay":false,"sceneViewState":{"m_AlwaysRefresh":false,"showFog":true,"showSkybox":true,"showFlares":true,"showImageEffects":true,"showParticleSystems":true,"showVisualEffectGraphs":true,"m_FxEnabled":true},"in2DMode":false,"pivot":{"x":-47.555789947509769,"y":64.70761108398438,"z":-117.5736083984375},"rotation":{"x":0.0007935177418403328,"y":0.9991042613983154,"z":0.01947265863418579,"w":-0.043794404715299609},"size":22.486190795898439,"orthographic":false}