{"cameraMode":{"drawMode":0,"name":"Shaded","section":"Shading Mode"},"sceneLighting":false,"audioPlay":false,"sceneViewState":{"m_AlwaysRefresh":false,"showFog":true,"showSkybox":true,"showFlares":true,"showImageEffects":true,"showParticleSystems":true,"showVisualEffectGraphs":true,"m_FxEnabled":true},"in2DMode":false,"pivot":{"x":-145.94876098632813,"y":2.2896573543548586,"z":82.57765197753906},"rotation":{"x":0.0018485024338588119,"y":-0.8236389756202698,"z":0.002386694774031639,"w":0.567456066608429},"size":22.67422866821289,"orthographic":false}