{"cameraMode":{"drawMode":0,"name":"Shaded","section":"Shading Mode"},"sceneLighting":true,"audioPlay":false,"sceneViewState":{"m_AlwaysRefresh":false,"showFog":true,"showSkybox":false,"showFlares":true,"showImageEffects":true,"showParticleSystems":true,"showVisualEffectGraphs":true,"m_FxEnabled":true},"in2DMode":false,"pivot":{"x":-223.54086303710938,"y":-2.9334752559661867,"z":137.90692138671876},"rotation":{"x":0.13701844215393067,"y":0.5749499201774597,"z":-0.09839804470539093,"w":0.8006118535995483},"size":4.367624282836914,"orthographic":false}